"Column 0","LastName","Company","Address","City","County","State","ZIP","Phone","Fax","Email","Web"
"","Hasty","Kpff Consulting Engineers","815 S Glendora Ave","West Covina","Los Angeles","CA","91790","626-960-6738","626-960-1503","lashawn@hasty.com","http://www.lashawnhasty.com"
"","Behen","National Paper & Envelope Corp","1650 S Harbor Blvd","Anaheim","Orange","CA","92802","714-772-5050","714-772-3859","cyril@behen.com","http://www.cyrilbehen.com"
"","Worlds","Shapiro, Mark R Esq","24907 Tibbitts Aven  #-b","Valencia","Los Angeles","CA","91355","661-257-3083","661-257-0924","trudy@worlds.com","http://www.trudyworlds.com"
"","Mcintee","Jacobs, Brian Realtor","2810 Jacobs Ave","Eureka","Humboldt","CA","95501","707-443-0621","707-443-9147","mamie@mcintee.com","http://www.mamiemcintee.com"
"","Bellerdine","A B C Lock & Key","200 California St","San Francisco","San Francisco","CA","94111","415-705-1956","415-705-2887","lyndon@bellerdine.com","http://www.lyndonbellerdine.com"
"","Crotts","Misko, Charles G Esq","303 N Indian Canyon Dr","Palm Springs","Riverside","CA","92262","760-327-0337","760-327-0929","rubin@crotts.com","http://www.rubincrotts.com"
"","Sheffler","Rimpsey Agency","628 Pacific Ave","Oxnard","Ventura","CA","93030","805-483-7161","805-483-5693","ofelia@sheffler.com","http://www.ofeliasheffler.com"
"","Bickel","S Shamash & Sons Inc","550 N Brand Blvd  #-800","Glendale","Los Angeles","CA","91203","818-246-1195","818-246-4734","raphael@bickel.com","http://www.raphaelbickel.com"
"","Beresnyak","R & E Associates","100 W 25th Ave","San Mateo","San Mateo","CA","94403","650-349-6809","650-349-5962","kathleen@beresnyak.com","http://www.kathleenberesnyak.com"
"","Sirbaugh","Urso, Natale L Esq","110 S La Brea Ave  #-22","Inglewood","Los Angeles","CA","90301","310-412-6653","310-412-1067","carla@sirbaugh.com","http://www.carlasirbaugh.com"
"","Fontanella","Woodside Travel Trust","1369 W Redondo Beach Blvd","Gardena","Los Angeles","CA","90247","310-515-3065","310-515-2515","wes@fontanella.com","http://www.wesfontanella.com"
"","Cosby","Emanuel Reider Architects Inc","135 Main St","San Francisco","San Francisco","CA","94105","415-956-4437","415-956-5134","madonna@cosby.com","http://www.madonnacosby.com"
"","Kokoska","Automation Products Inc","200 Valley Dr","Brisbane","San Mateo","CA","94005","650-468-3592","650-468-7716","yvette@kokoska.com","http://www.yvettekokoska.com"
"","Fostervold","Flach, Douglas Esq","6920 Santa Teresa Blvd","San Jose","Santa Clara","CA","95119","408-225-1319","408-225-5205","danette@fostervold.com","http://www.danettefostervold.com"
"","Hasselvander","Public Works Department Office","2302 Artesia Blvd","Redondo Beach","Los Angeles","CA","90278","310-374-2374","310-374-2363","bradly@hasselvander.com","http://www.bradlyhasselvander.com"
"","Mckibben","Battaglia, Jack M Esq","1620 Folsom St","San Francisco","San Francisco","CA","94103","415-864-7338","415-864-7623","lamar@mckibben.com","http://www.lamarmckibben.com"
"","Suermann","Stubenberge, James A Esq","897 Independence Ave","Mountain View","Santa Clara","CA","94043","650-965-0255","650-965-3368","helena@suermann.com","http://www.helenasuermann.com"
"","Helmich","Friends Hospital","50 Aviation Way","Watsonville","Santa Cruz","CA","95076","831-763-4348","831-763-0923","delphine@helmich.com","http://www.delphinehelmich.com"
"","Hindley","Kirin Amgen","904 N Lake St","Burbank","Los Angeles","CA","91502","818-841-8886","818-841-8221","barbara@hindley.com","http://www.barbarahindley.com"
"","Geimer","Ortman Mccain Co","1280 Price Ave","Pomona","Los Angeles","CA","91767","909-620-6453","909-620-2768","gayla@geimer.com","http://www.gaylageimer.com"
"","Benthin","Lee, Harry Esq","1062 Folsom St","San Francisco","San Francisco","CA","94103","415-255-5277","415-255-6543","ike@benthin.com","http://www.ikebenthin.com"
"","Sherretts","Nylonge Corporation","1062 Folsom St","San Francisco","San Francisco","CA","94103","415-255-7718","415-255-7088","donald@sherretts.com","http://www.donaldsherretts.com"
"","Enote","Nichols Village The Inn","6301 Owensmouth Ave","Woodland Hills","Los Angeles","CA","91367","818-704-8490","818-704-7539","lashonda@enote.com","http://www.lashondaenote.com"
"","Lunan","Healey Chevy Olds Buick Geo","985 Parker Ct","Santa Clara","Santa Clara","CA","95050","408-727-1747","408-727-0884","reginald@lunan.com","http://www.reginaldlunan.com"
"","Varrato","Frances Meyer Inc","2505 Congress St","San Diego","San Diego","CA","92110","858-298-3969","858-298-6695","kelli@varrato.com","http://www.kellivarrato.com"
"","Sule","Dowse, Geoffrey Esq","92 Argonaut  #-270","Aliso Viejo","Orange","CA","92656","949-768-6176","949-768-8107","mellissa@sule.com","http://www.mellissasule.com"
"","Sulikowski","Meijer Associates Credit Union","2375 3rd St","Riverside","Riverside","CA","92507","951-683-4479","951-683-9932","zane@sulikowski.com","http://www.zanesulikowski.com"
"","Cassa","Independence Assocaites Inc","2222 Santa Monica Blvd","Santa Monica","Los Angeles","CA","90404","310-828-6710","310-828-1895","hilario@cassa.com","http://www.hilariocassa.com"
"","Mountjoy","Technical & Mgmt Svc Corp","6585 Commerce Blvd","Rohnert Park","Sonoma","CA","94928","707-585-9715","707-585-7011","alissa@mountjoy.com","http://www.alissamountjoy.com"
"","Schattner","Cosgrove Eisenberg & Kiley Pc","3001 Geary Blvd","San Francisco","San Francisco","CA","94118","415-668-8105","415-668-5841","mitch@schattner.com","http://www.mitchschattner.com"
"","Whyman","Walls, Robert E Esq","1008 S San Pedro St","Los Angeles","Los Angeles","CA","90015","213-748-1137","213-748-0447","maryanne@whyman.com","http://www.maryannewhyman.com"
"","Marso","Lesher Printers Inc","15542 Chemical Ln","Huntington Beach","Orange","CA","92649","714-895-4582","714-895-8188","bess@marso.com","http://www.bessmarso.com"
"","Burigsay","Snyder, Stephen E Esq","13026 S Normandie Ave","Gardena","Los Angeles","CA","90249","310-321-8278","310-321-0564","diann@burigsay.com","http://www.diannburigsay.com"
"","Hwang","Play Craft Pontoon Co","23352 El Toro Rd","Lake Forest","Orange","CA","92630","949-583-6901","949-583-7758","mari@hwang.com","http://www.marihwang.com"
"","Detillier","Minteq International","Box #-851","Woodland Hills","Los Angeles","CA","91365","818-703-9160","818-703-0447","sherwood@detillier.com","http://www.sherwooddetillier.com"
"","Erlebach","Vickery Tape & Label Co Inc","975 Flynn Rd","Camarillo","Ventura","CA","93012","805-445-8331","805-445-9961","jade@erlebach.com","http://www.jadeerlebach.com"
"","Zortman","Review Monterey Peninsula","4508 Enterprise St","Fremont","Alameda","CA","94538","510-651-1410","510-651-1242","ruthie@zortman.com","http://www.ruthiezortman.com"
"","Arguin","Cmplt Cmptg Solutions Ne","4508 Enterprise St","Fremont","Alameda","CA","94538","510-651-4937","510-651-8302","leif@arguin.com","http://www.leifarguin.com"
"","Oborne","Stone Container Corporation","7846 Clybourn Ave","Sun Valley","Los Angeles","CA","91352","818-767-1347","818-767-5123","val@oborne.com","http://www.valoborne.com"
"","Knust","Vantage Products","1425 Koll Cir  #-107","San Jose","Santa Clara","CA","95112","408-453-0357","408-453-1525","tiffany@knust.com","http://www.tiffanyknust.com"
"","Mcshaw","Bodik, Michael G Esq","6023 Garfield Ave","Los Angeles","Los Angeles","CA","90040","323-726-5319","323-726-8499","fabian@mcshaw.com","http://www.fabianmcshaw.com"
"","Whittley","Berry, Robert A Esq","3030 Bridgeway","Sausalito","Marin","CA","94965","415-332-9570","415-332-7303","lyman@whittley.com","http://www.lymanwhittley.com"
"","Kosicki","Lisher, John L Esq","22140 Ventura Blvd  #-4","Woodland Hills","Los Angeles","CA","91364","818-713-6306","818-713-8346","gisela@kosicki.com","http://www.giselakosicki.com"
"","Nicolaus","Perkins Photo/graphics Inc","2575 State Highway 32","Chico","Butte","CA","95973","530-345-4627","530-345-8372","cathryn@nicolaus.com","http://www.cathrynnicolaus.com"
"","Kunde","Swanson, Victoria C Esq","5321 Sterling Center Dr","Westlake Village","Ventura","CA","91361","805-991-9740","805-991-4665","fred@kunde.com","http://www.fredkunde.com"
"","Suddeth","Slant Fin Corp","3700 Campus Dr","Newport Beach","Orange","CA","92660","949-852-5463","949-852-9027","pilar@suddeth.com","http://www.pilarsuddeth.com"
"","Villaescusa","Church Point Whol Gr Co Inc","1006 S San Pedro St","Los Angeles","Los Angeles","CA","90015","213-748-7617","213-748-5668","tori@villaescusa.com","http://www.torivillaescusa.com"
"","Kaewprasert","Decatur Studio Inc","1224 S Hope St","Los Angeles","Los Angeles","CA","90015","213-747-6026","213-747-3088","maynard@kaewprasert.com","http://www.maynardkaewprasert.com"
"","Griffeth","Reliable Optical","19901 Nordhoff St","Northridge","Los Angeles","CA","91324","818-709-9165","818-709-2649","rena@griffeth.com","http://www.renagriffeth.com"
"","Salera","Ridley Ridley & Burnette","1601 S Shamrock Ave","Monrovia","Los Angeles","CA","91016","626-303-9233","626-303-2569","pierre@salera.com","http://www.pierresalera.com"
"","Isacson","Spectrum Constrctn & Dev Corp","1015 N Cahuenga Blvd","Los Angeles","Los Angeles","CA","90038","323-469-0643","323-469-3082","quintin@isacson.com","http://www.quintinisacson.com"
"","Zill","Safety Team Inc","550 N Brand Blvd  #-1940","Glendale","Los Angeles","CA","91203","818-507-7207","818-507-1925","daniel@zill.com","http://www.danielzill.com"
"","Horner","Scisci, Pasquale M","4694 Alvarado Canyon Rd  #-f","San Diego","San Diego","CA","92120","858-265-2270","858-265-6604","marta@horner.com","http://www.martahorner.com"
"","Papen","Tile City & Carpet Of Pa","8387 University Ave","La Mesa","San Diego","CA","91941","619-464-3649","619-464-8499","kira@papen.com","http://www.kirapapen.com"
"","Sedore","Goodwill Speciality Co","1647 E Palmdale Blvd","Palmdale","Los Angeles","CA","93550","661-273-4188","661-273-6263","joey@sedore.com","http://www.joeysedore.com"
"","Deshay","Cornhusker Press","1700 Terminal St","West Sacramento","Yolo","CA","95691","916-372-5032","916-372-1333","robbie@deshay.com","http://www.robbiedeshay.com"
"","Humble","Express Printing Center","11796 Sheldon St","Sun Valley","Los Angeles","CA","91352","818-768-0662","818-768-1832","carla@humble.com","http://www.carlahumble.com"
"","Resendes","Sorrento Cheese Co Inc","11796 Sheldon St","Sun Valley","Los Angeles","CA","91352","818-768-6234","818-768-7585","vernice@resendes.com","http://www.verniceresendes.com"
"","Holmes","Dennis N Brager Law Offices Of","7565 Green Valley Rd","Placerville","El Dorado","CA","95667","530-626-1934","530-626-6128","hillary@holmes.com","http://www.hillaryholmes.com"
"","Schartz","Fairmount Country Club","10175 Joerschke Dr","Grass Valley","Nevada","CA","95945","530-477-9983","530-477-7396","robin@schartz.com","http://www.robinschartz.com"
"","Truiolo","Currier Gallery Of Art","435 Mira Vista Ter","Pasadena","Los Angeles","CA","91105","626-792-6850","626-792-5166","luciano@truiolo.com","http://www.lucianotruiolo.com"
"","Rheaves","Roberts, James A Cpa","2910 E La Cresta Ave","Anaheim","Orange","CA","92806","714-632-1291","714-632-7337","johnnie@rheaves.com","http://www.johnnierheaves.com"
"","Hrobsky","Howard Johnson","8253 Ronson Rd","San Diego","San Diego","CA","92111","858-268-4663","858-268-4964","jimmy@hrobsky.com","http://www.jimmyhrobsky.com"
"","Barninger","California Paint & Wlpaper Str","Box #-4038","Modesto","Stanislaus","CA","95352","209-525-7568","209-525-4389","jimmie@barninger.com","http://www.jimmiebarninger.com"
"","Schronce","Varda, John Duncan Esq","21603 Devonshire St","Chatsworth","Los Angeles","CA","91311","818-718-2001","818-718-7339","cherie@schronce.com","http://www.cherieschronce.com"
"","Ferentz","Reagan, William L Esq","3220 E 26th St","Los Angeles","Los Angeles","CA","90023","323-262-5047","323-262-8693","angelo@ferentz.com","http://www.angeloferentz.com"
"","Topete","Insight Cablevision","5770 Morehouse Dr","San Diego","San Diego","CA","92121","858-457-3538","858-457-0465","denver@topete.com","http://www.denvertopete.com"
"","Reuland","Schaff, Michael D Esq","1166 Arroyo St","San Fernando","Los Angeles","CA","91340","818-361-4035","818-361-7493","tommie@reuland.com","http://www.tommiereuland.com"
"","Veazey","Ramada Inn San Fran Arprt N","2877 E Florence Ave","Huntington Park","Los Angeles","CA","90255","323-862-9133","323-862-5589","floyd@veazey.com","http://www.floydveazey.com"
"","Rodreguez","Vasquez & Co","7677 Engineer Rd","San Diego","San Diego","CA","92111","858-571-0819","858-571-9047","titus@rodreguez.com","http://www.titusrodreguez.com"
"","Khosravi","Brennan, Mary V Esq","120 Tustin Ave","Newport Beach","Orange","CA","92663","949-646-6578","949-646-0043","nickolas@khosravi.com","http://www.nickolaskhosravi.com"
"","Twiet","Henley, Cal Pa","136 S Riverside Ave","Rialto","San Bernardino","CA","92376","909-874-6739","909-874-2594","janice@twiet.com","http://www.janicetwiet.com"
"","Farstvedt","Regan, Denis J Esq","16133 Ventura Blvd  #-700","Encino","Los Angeles","CA","91436","818-986-8843","818-986-6786","jeri@farstvedt.com","http://www.jerifarstvedt.com"
"","Blow","Schechter, Jeffrey S Esq","136 S Riverside Ave","Rialto","San Bernardino","CA","92376","909-874-0274","909-874-8538","stacey@blow.com","http://www.staceyblow.com"
