"Column 0","LastName","Company","Address","City","County","State","ZIP","Phone","Fax","Email","Web"
"","Wilshire","Midwest Undercar Distributors","1801 West Ave S","La Crosse","La Crosse","WI","54601","608-788-4965","608-788-5946","nadia@wilshire.com","http://www.nadiawilshire.com"
"","Soo","Allen Industrial Supply","218 W Main St","Sparta","Monroe","WI","54656","608-269-7306","608-269-3359","francis@soo.com","http://www.francissoo.com"
"","Tout","Breen, Sean E Esq","100 Mbc Dr","Shawano","Shawano","WI","54166","715-526-6806","715-526-2421","trey@tout.com","http://www.treytout.com"
"","Javens","Dyer, James R Esq","6086 N Lyons Rd","Burlington","Racine","WI","53105","262-763-9582","262-763-3845","lee@javens.com","http://www.leejavens.com"
"","Kreutzbender","Recycle Metals Corp","411 E Wisconsin Ave","Milwaukee","Milwaukee","WI","53202","414-271-5253","414-271-6234","derek@kreutzbender.com","http://www.derekkreutzbender.com"
"","Engelman","Atlas Metal Cutting Inc","321 Watson St","Ripon","Fond du Lac","WI","54971","920-748-1387","920-748-3703","vernon@engelman.com","http://www.vernonengelman.com"
"","Araiza","Christiansen, David L Cpa","536 Grand Ave","Schofield","Marathon","WI","54476","715-359-8700","715-359-3579","chad@araiza.com","http://www.chadaraiza.com"
